ID,Label
0.jpg,72
1.jpg,43
2.jpg,38
3.jpg,72
4.jpg,48
5.jpg,76
6.jpg,3
7.jpg,49
8.jpg,72
9.jpg,65
10.jpg,76
11.jpg,92
12.jpg,76
13.jpg,74
14.jpg,43
15.jpg,23
16.jpg,82
17.jpg,76
18.jpg,13
19.jpg,40
20.jpg,86
21.jpg,13
22.jpg,69
23.jpg,76
24.jpg,40
25.jpg,76
26.jpg,72
27.jpg,20
28.jpg,38
29.jpg,33
30.jpg,69
31.jpg,49
32.jpg,44
33.jpg,86
34.jpg,24
35.jpg,24
36.jpg,54
37.jpg,92
38.jpg,72
39.jpg,76
40.jpg,76
41.jpg,74
42.jpg,4
43.jpg,18
44.jpg,86
45.jpg,96
46.jpg,95
47.jpg,65
48.jpg,24
49.jpg,13
50.jpg,86
51.jpg,3
52.jpg,41
53.jpg,76
54.jpg,49
55.jpg,16
56.jpg,76
57.jpg,54
58.jpg,69
59.jpg,49
60.jpg,41
61.jpg,86
62.jpg,65
63.jpg,76
64.jpg,41
65.jpg,13
66.jpg,43
67.jpg,19
68.jpg,92
69.jpg,65
70.jpg,69
71.jpg,69
72.jpg,18
73.jpg,13
74.jpg,69
75.jpg,38
76.jpg,17
77.jpg,38
78.jpg,65
79.jpg,20
80.jpg,49
81.jpg,43
82.jpg,86
83.jpg,20
84.jpg,76
85.jpg,86
86.jpg,76
87.jpg,48
88.jpg,76
89.jpg,13
90.jpg,44
91.jpg,48
92.jpg,49
93.jpg,4
94.jpg,40
95.jpg,24
96.jpg,15
97.jpg,65
98.jpg,76
99.jpg,14
100.jpg,48
101.jpg,67
102.jpg,82
103.jpg,44
104.jpg,23
105.jpg,20
106.jpg,72
107.jpg,0
108.jpg,72
109.jpg,76
110.jpg,65
111.jpg,23
112.jpg,48
113.jpg,70
114.jpg,69
115.jpg,65
116.jpg,0
117.jpg,65
118.jpg,3
119.jpg,40
120.jpg,65
121.jpg,70
122.jpg,24
123.jpg,69
124.jpg,54
125.jpg,82
126.jpg,65
127.jpg,41
128.jpg,19
129.jpg,65
130.jpg,76
131.jpg,40
132.jpg,43
133.jpg,76
134.jpg,92
135.jpg,43
136.jpg,76
137.jpg,76
138.jpg,40
139.jpg,76
140.jpg,55
141.jpg,76
142.jpg,18
143.jpg,76
144.jpg,76
145.jpg,76
146.jpg,20
147.jpg,76
148.jpg,48
149.jpg,40
150.jpg,7
151.jpg,72
152.jpg,74
153.jpg,14
154.jpg,76
155.jpg,43
156.jpg,76
157.jpg,54
158.jpg,72
159.jpg,24
160.jpg,0
161.jpg,67
162.jpg,18
163.jpg,38
164.jpg,67
165.jpg,76
166.jpg,0
167.jpg,48
168.jpg,38
169.jpg,67
170.jpg,96
171.jpg,13
172.jpg,55
173.jpg,74
174.jpg,0
175.jpg,72
176.jpg,65
177.jpg,13
178.jpg,15
179.jpg,76
180.jpg,76
181.jpg,76
182.jpg,70
183.jpg,23
184.jpg,95
185.jpg,24
186.jpg,49
187.jpg,41
188.jpg,76
189.jpg,65
190.jpg,40
191.jpg,76
192.jpg,49
193.jpg,38
194.jpg,96
195.jpg,40
196.jpg,76
197.jpg,74
198.jpg,48
199.jpg,67
200.jpg,76
201.jpg,49
202.jpg,38
203.jpg,76
204.jpg,76
205.jpg,76
206.jpg,69
207.jpg,13
208.jpg,7
209.jpg,20
210.jpg,72
211.jpg,54
212.jpg,76
213.jpg,18
214.jpg,38
215.jpg,18
216.jpg,3
217.jpg,18
218.jpg,67
219.jpg,49
220.jpg,65
221.jpg,15
222.jpg,49
223.jpg,19
224.jpg,67
225.jpg,86
226.jpg,44
227.jpg,43
228.jpg,20
229.jpg,76
230.jpg,82
231.jpg,76
232.jpg,82
233.jpg,76
234.jpg,3
235.jpg,76
236.jpg,3
237.jpg,38
238.jpg,76
239.jpg,54
240.jpg,23
241.jpg,44
242.jpg,19
243.jpg,67
244.jpg,33
245.jpg,18
246.jpg,76
247.jpg,86
248.jpg,49
249.jpg,92
250.jpg,54
251.jpg,38
252.jpg,4
253.jpg,65
254.jpg,76
255.jpg,55
256.jpg,70
257.jpg,0
258.jpg,17
259.jpg,33
260.jpg,96
261.jpg,38
262.jpg,76
263.jpg,92
264.jpg,43
265.jpg,94
266.jpg,74
267.jpg,49
268.jpg,69
269.jpg,18
270.jpg,3
271.jpg,86
272.jpg,76
273.jpg,23
274.jpg,76
275.jpg,41
276.jpg,65
277.jpg,24
278.jpg,17
279.jpg,38
280.jpg,95
281.jpg,19
282.jpg,86
283.jpg,55
284.jpg,44
285.jpg,76
286.jpg,65
287.jpg,76
288.jpg,76
289.jpg,48
290.jpg,38
291.jpg,38
292.jpg,76
293.jpg,49
294.jpg,65
295.jpg,76
296.jpg,95
297.jpg,38
298.jpg,38
299.jpg,19
300.jpg,72
301.jpg,40
302.jpg,54
303.jpg,33
304.jpg,76
305.jpg,49
306.jpg,76
307.jpg,48
308.jpg,76
309.jpg,3
310.jpg,3
311.jpg,0
312.jpg,54
313.jpg,95
314.jpg,72
315.jpg,72
316.jpg,72
317.jpg,76
318.jpg,15
319.jpg,16
320.jpg,49
321.jpg,43
322.jpg,49
323.jpg,76
324.jpg,49
325.jpg,40
326.jpg,72
327.jpg,54
328.jpg,38
329.jpg,76
330.jpg,67
331.jpg,48
332.jpg,72
333.jpg,49
334.jpg,49
335.jpg,13
336.jpg,55
337.jpg,76
338.jpg,38
339.jpg,76
340.jpg,76
341.jpg,38
342.jpg,48
343.jpg,86
344.jpg,69
345.jpg,92
346.jpg,76
347.jpg,49
348.jpg,40
349.jpg,38
350.jpg,96
351.jpg,44
352.jpg,3
353.jpg,16
354.jpg,13
355.jpg,49
356.jpg,65
357.jpg,65
358.jpg,17
359.jpg,0
360.jpg,72
361.jpg,49
362.jpg,16
363.jpg,44
364.jpg,24
365.jpg,4
366.jpg,76
367.jpg,67
368.jpg,40
369.jpg,38
370.jpg,76
371.jpg,20
372.jpg,41
373.jpg,13
374.jpg,54
375.jpg,38
376.jpg,69
377.jpg,54
378.jpg,65
379.jpg,54
380.jpg,65
381.jpg,69
382.jpg,67
383.jpg,54
384.jpg,48
385.jpg,74
386.jpg,92
387.jpg,18
388.jpg,65
389.jpg,76
390.jpg,69
391.jpg,18
392.jpg,67
393.jpg,76
394.jpg,49
395.jpg,43
396.jpg,38
397.jpg,82
398.jpg,4
399.jpg,18
400.jpg,96
401.jpg,18
402.jpg,65
403.jpg,17
404.jpg,40
405.jpg,76
406.jpg,19
407.jpg,15
408.jpg,49
409.jpg,76
410.jpg,0
411.jpg,40
412.jpg,23
413.jpg,70
414.jpg,19
415.jpg,82
416.jpg,76
417.jpg,71
418.jpg,14
419.jpg,86
420.jpg,72
421.jpg,67
422.jpg,69
423.jpg,86
424.jpg,65
425.jpg,76
426.jpg,24
427.jpg,86
428.jpg,13
429.jpg,72
430.jpg,15
431.jpg,65
432.jpg,65
433.jpg,18
434.jpg,48
435.jpg,49
436.jpg,3
437.jpg,67
438.jpg,19
439.jpg,76
440.jpg,54
441.jpg,69
442.jpg,20
443.jpg,76
444.jpg,76
445.jpg,70
446.jpg,76
447.jpg,76
448.jpg,49
449.jpg,70
450.jpg,49
451.jpg,67
452.jpg,7
453.jpg,38
454.jpg,38
455.jpg,86
456.jpg,65
457.jpg,72
458.jpg,67
459.jpg,49
460.jpg,72
461.jpg,69
462.jpg,76
463.jpg,70
464.jpg,76
465.jpg,38
466.jpg,24
467.jpg,76
468.jpg,49
469.jpg,76
470.jpg,76
471.jpg,4
472.jpg,72
473.jpg,65
474.jpg,40
475.jpg,44
476.jpg,0
477.jpg,72
478.jpg,13
479.jpg,19
480.jpg,41
481.jpg,0
482.jpg,72
483.jpg,49
484.jpg,69
485.jpg,92
486.jpg,13
487.jpg,76
488.jpg,76
489.jpg,67
490.jpg,74
491.jpg,72
492.jpg,76
493.jpg,70
494.jpg,76
495.jpg,38
496.jpg,95
497.jpg,86
498.jpg,69
499.jpg,48
500.jpg,92
501.jpg,72
502.jpg,54
503.jpg,3
504.jpg,38
505.jpg,94
506.jpg,0
507.jpg,17
508.jpg,49
509.jpg,23
510.jpg,67
511.jpg,13
512.jpg,69
513.jpg,72
514.jpg,76
515.jpg,65
516.jpg,16
517.jpg,20
518.jpg,48
519.jpg,49
520.jpg,76
521.jpg,24
522.jpg,17
523.jpg,18
524.jpg,76
525.jpg,76
526.jpg,7
527.jpg,71
528.jpg,67
529.jpg,69
530.jpg,20
531.jpg,14
532.jpg,76
533.jpg,86
534.jpg,55
535.jpg,23
536.jpg,69
537.jpg,92
538.jpg,49
539.jpg,13
540.jpg,54
541.jpg,86
542.jpg,20
543.jpg,86
544.jpg,43
545.jpg,33
546.jpg,48
547.jpg,15
548.jpg,0
549.jpg,44
550.jpg,33
551.jpg,20
552.jpg,76
553.jpg,82
554.jpg,43
555.jpg,86
556.jpg,41
557.jpg,76
558.jpg,76
559.jpg,43
560.jpg,49
561.jpg,40
562.jpg,48
563.jpg,3
564.jpg,65
565.jpg,43
566.jpg,82
567.jpg,48
568.jpg,33
569.jpg,76
570.jpg,15
571.jpg,4
572.jpg,49
573.jpg,18
574.jpg,76
575.jpg,13
576.jpg,65
577.jpg,76
578.jpg,38
579.jpg,72
580.jpg,86
581.jpg,48
582.jpg,3
583.jpg,76
584.jpg,43
585.jpg,4
586.jpg,49
587.jpg,43
588.jpg,40
589.jpg,70
590.jpg,13
591.jpg,74
592.jpg,40
593.jpg,40
594.jpg,70
595.jpg,23
596.jpg,95
597.jpg,3
598.jpg,76
599.jpg,49
600.jpg,76
601.jpg,76
602.jpg,94
603.jpg,72
604.jpg,76
605.jpg,76
606.jpg,76
607.jpg,33
608.jpg,92
609.jpg,76
610.jpg,86
611.jpg,92
612.jpg,72
613.jpg,38
614.jpg,70
615.jpg,54
616.jpg,15
617.jpg,76
618.jpg,76
619.jpg,20
620.jpg,48
621.jpg,43
622.jpg,48
623.jpg,82
624.jpg,82
625.jpg,76
626.jpg,70
627.jpg,40
628.jpg,70
629.jpg,18
630.jpg,72
631.jpg,76
632.jpg,48
633.jpg,38
634.jpg,23
635.jpg,95
636.jpg,76
637.jpg,76
638.jpg,49
639.jpg,70
640.jpg,23
641.jpg,40
642.jpg,24
643.jpg,94
644.jpg,18
645.jpg,38
646.jpg,69
647.jpg,3
648.jpg,67
649.jpg,40
650.jpg,96
651.jpg,33
652.jpg,48
653.jpg,96
654.jpg,92
655.jpg,95
656.jpg,20
657.jpg,94
658.jpg,72
659.jpg,18
660.jpg,96
661.jpg,49
662.jpg,15
663.jpg,43
664.jpg,76
665.jpg,49
666.jpg,48
667.jpg,23
668.jpg,40
669.jpg,38
670.jpg,19
671.jpg,15
672.jpg,23
673.jpg,17
674.jpg,38
675.jpg,38
676.jpg,67
677.jpg,0
678.jpg,18
679.jpg,70
680.jpg,3
681.jpg,18
682.jpg,48
683.jpg,76
684.jpg,67
685.jpg,76
686.jpg,76
687.jpg,19
688.jpg,76
689.jpg,74
690.jpg,38
691.jpg,33
692.jpg,72
693.jpg,76
694.jpg,49
695.jpg,24
696.jpg,86
697.jpg,76
698.jpg,16
699.jpg,94
700.jpg,18
701.jpg,43
702.jpg,48
703.jpg,3
704.jpg,69
705.jpg,49
706.jpg,72
707.jpg,65
708.jpg,92
709.jpg,76
710.jpg,40
711.jpg,38
712.jpg,72
713.jpg,44
714.jpg,49
715.jpg,92
716.jpg,72
717.jpg,49
718.jpg,72
719.jpg,76
720.jpg,76
721.jpg,49
722.jpg,43
723.jpg,76
724.jpg,54
725.jpg,3
726.jpg,76
727.jpg,74
728.jpg,76
729.jpg,4
730.jpg,72
731.jpg,49
732.jpg,23
733.jpg,92
734.jpg,65
735.jpg,76
736.jpg,44
737.jpg,76
738.jpg,54
739.jpg,20
740.jpg,72
741.jpg,69
742.jpg,65
743.jpg,76
744.jpg,67
745.jpg,49
746.jpg,82
747.jpg,86
748.jpg,76
749.jpg,76
750.jpg,44
751.jpg,74
752.jpg,69
753.jpg,4
754.jpg,92
755.jpg,44
756.jpg,18
757.jpg,49
758.jpg,76
759.jpg,0
760.jpg,49
761.jpg,65
762.jpg,71
763.jpg,82
764.jpg,17
765.jpg,54
766.jpg,76
767.jpg,24
768.jpg,69
769.jpg,86
770.jpg,92
771.jpg,67
772.jpg,49
773.jpg,72
774.jpg,24
775.jpg,86
776.jpg,23
777.jpg,3
778.jpg,65
779.jpg,65
780.jpg,69
781.jpg,24
782.jpg,40
783.jpg,65
784.jpg,19
785.jpg,13
786.jpg,95
787.jpg,49
788.jpg,76
789.jpg,76
790.jpg,54
791.jpg,49
792.jpg,69
793.jpg,72
794.jpg,76
795.jpg,14
796.jpg,43
797.jpg,23
798.jpg,95
799.jpg,67
800.jpg,0
801.jpg,38
802.jpg,40
803.jpg,4
804.jpg,24
805.jpg,48
806.jpg,49
807.jpg,38
808.jpg,3
809.jpg,82
810.jpg,54
811.jpg,3
812.jpg,0
813.jpg,69
814.jpg,23
815.jpg,72
816.jpg,13
817.jpg,19
818.jpg,65
819.jpg,76
820.jpg,92
821.jpg,0
822.jpg,40
823.jpg,55
824.jpg,70
825.jpg,96
826.jpg,33
827.jpg,17
828.jpg,74
829.jpg,49
830.jpg,49
831.jpg,65
832.jpg,17
833.jpg,67
834.jpg,67
835.jpg,24
836.jpg,76
837.jpg,76
838.jpg,49
839.jpg,13
840.jpg,76
841.jpg,65
842.jpg,48
843.jpg,38
844.jpg,24
845.jpg,3
846.jpg,54
847.jpg,72
848.jpg,49
849.jpg,76
850.jpg,49
851.jpg,72
852.jpg,72
853.jpg,65
854.jpg,0
855.jpg,76
856.jpg,76
857.jpg,49
858.jpg,41
859.jpg,18
860.jpg,65
861.jpg,72
862.jpg,48
863.jpg,76
864.jpg,23
865.jpg,94
866.jpg,13
867.jpg,41
868.jpg,7
869.jpg,92
870.jpg,72
871.jpg,40
872.jpg,49
873.jpg,76
874.jpg,92
875.jpg,69
876.jpg,76
877.jpg,3
878.jpg,3
879.jpg,3
880.jpg,4
881.jpg,69
882.jpg,13
883.jpg,67
884.jpg,17
885.jpg,76
886.jpg,49
887.jpg,76
888.jpg,49
889.jpg,76
890.jpg,96
891.jpg,67
892.jpg,3
893.jpg,67
894.jpg,19
895.jpg,54
896.jpg,65
897.jpg,76
898.jpg,72
899.jpg,13
900.jpg,3
901.jpg,70
902.jpg,76
903.jpg,13
904.jpg,44
905.jpg,49
906.jpg,23
907.jpg,67
908.jpg,76
909.jpg,24
910.jpg,43
911.jpg,74
912.jpg,76
913.jpg,44
914.jpg,40
915.jpg,69
916.jpg,43
917.jpg,76
918.jpg,76
919.jpg,72
920.jpg,14
921.jpg,96
922.jpg,40
923.jpg,15
924.jpg,49
925.jpg,69
926.jpg,49
927.jpg,76
928.jpg,72
929.jpg,13
930.jpg,19
931.jpg,94
932.jpg,76
933.jpg,13
934.jpg,49
935.jpg,14
936.jpg,20
937.jpg,40
938.jpg,76
939.jpg,18
940.jpg,48
941.jpg,54
942.jpg,54
943.jpg,69
944.jpg,18
945.jpg,76
946.jpg,74
947.jpg,49
948.jpg,82
949.jpg,0
950.jpg,92
951.jpg,95
952.jpg,48
953.jpg,14
954.jpg,76
955.jpg,41
956.jpg,18
957.jpg,65
958.jpg,17
959.jpg,69
960.jpg,86
961.jpg,38
962.jpg,76
963.jpg,15
964.jpg,38
965.jpg,67
966.jpg,49
967.jpg,86
968.jpg,3
969.jpg,49
970.jpg,69
971.jpg,67
972.jpg,76
973.jpg,55
974.jpg,43
975.jpg,18
976.jpg,76
977.jpg,92
978.jpg,69
979.jpg,41
980.jpg,76
981.jpg,44
982.jpg,76
983.jpg,55
984.jpg,49
985.jpg,38
986.jpg,65
987.jpg,48
988.jpg,65
989.jpg,33
990.jpg,38
991.jpg,72
992.jpg,24
993.jpg,55
994.jpg,55
995.jpg,69
996.jpg,72
997.jpg,86
998.jpg,76
999.jpg,72
1000.jpg,48
1001.jpg,76
1002.jpg,70
1003.jpg,69
1004.jpg,76
1005.jpg,54
1006.jpg,95
1007.jpg,38
1008.jpg,76
1009.jpg,76
1010.jpg,24
1011.jpg,76
1012.jpg,76
1013.jpg,82
1014.jpg,18
1015.jpg,33
1016.jpg,19
1017.jpg,49
1018.jpg,20
1019.jpg,17
1020.jpg,82
1021.jpg,82
1022.jpg,3
1023.jpg,86
1024.jpg,48
1025.jpg,40
1026.jpg,72
1027.jpg,76
1028.jpg,65
1029.jpg,49
1030.jpg,72
1031.jpg,48
1032.jpg,18
1033.jpg,13
1034.jpg,82
1035.jpg,67
